brand,model,asin,child_asin,week,Spend,Clicks,Impressions,attributed_sales,ams_orders,gmv,sessions,units,buy_box_pct,conversion_pct,acos,roas,tacos,cac,category_l0,category_l1,category_l2
Tonor,K1,B01ISNU3X4,B01ISNU3X4,4,5633.68,588,96472,26283.82,20,5397.0,1482.0,3.0,0.0602,0.0020242914979757085,0.2143402290839003,0.9579883841467743,1.0438539929590513,281.684,Dynamic Microphone,Hand held Mic,
Tonor,S20,B078WNW4YW,B078WNW4YW,4,1227.68,81,6798,2083.9,1,2606.54,212.0,2.0,0.0316,0.009433962264150943,0.5891261576851097,2.123142838524697,0.47099986955887885,1227.68,Accessories,Microphone Isolation Shield,
Tonor,G11,B07GVGMW59,B07GVGMW59,4,744.5600000000001,74,12162,4616.110000000001,2,0.0,245.0,0.0,0.3542,0.0,0.16129598298134143,0.0,,372.28000000000003,Conference Microphone,Wired,
Tonor,TC-2030,B07TSN2H9D,B07TSN2H9D,4,267.97,95,8825,7032.2,2,3999.0,107.0,1.0,0.8623,0.009345794392523364,0.0381061403259293,14.923312311079597,0.06700925231307828,133.985,Condenser Microphone,Boom Arm Kit - USB,
Tonor,TC-777,B07WLWN2ZT,B07WLWN2ZT,4,1380.73,189,18472,0.0,0,0.0,186.0,0.0,0.0127,0.0,,0.0,,,Condenser Microphone,Tripod,
Tonor,T20,B082W4B7SX,B082W4B7SX,4,919.22,57,11526,6312.72,3,2411.5,131.0,1.0,0.0828,0.007633587786259542,0.14561393503909567,2.6234198559648396,0.38118183703089364,306.4066666666667,Accessories,Boom Arm Kit,
Tonor,T30,B089FVQD3Z,B089FVQD3Z,4,869.97,41,12642,0.0,0,0.0,89.0,0.0,0.0309,0.0,,0.0,,,Accessories,Boom Arm Kit,
Tonor,TC30,B08CVP2HXP,B08CVP2HXP,4,1207.85,132,11709,5150.0,3,2179.0,460.0,1.0,0.0604,0.002173913043478261,0.23453398058252425,1.8040319576106305,0.5543139054612207,402.6166666666666,Condenser Microphone,Tripod,
Tonor,TM20,B08NDB5NWP,B08NDB5NWP,4,959.76,98,26079,5136.5,2,18120.16,188.0,6.0,0.9241,0.031914893617021274,0.18685096855835687,18.879886638326248,0.052966419722563156,479.88,Conference Microphone,Wired,
Tonor,TC40,B08V1JS3NY,B08V1JS3NY,4,31.89,8,1706,0.0,0,0.0,17.0,0.0,1.0,0.0,,0.0,,,Condenser Microphone,Boom Arm Kit - USB,
Tonor,ORCA001,B09Z5Q194D,B09Z5Q194D,4,428.46,40,6554,0.0,0,0.0,94.0,0.0,0.6321,0.0,,0.0,,,Condenser Microphone,Stand,
Audio Array,AM-C1,B0B4DPX2J2,B0B4DPX2J2,4,49471.27,2963,274780,220521.18,102,5342.0,18361.0,2.0,0.0083,0.00010892652905615162,0.22433795248148045,0.10798186502994567,9.26081430175964,485.01245098039215,Microphone Condenser,USB Microphone Kit - Boomarm,
Audio Array,AM-C4,B0B4DS678Q,B0B4DS678Q,4,72.39999999999999,10,1238,0.0,0,1999.0,192.0,1.0,0.2361,0.005208333333333333,,27.610497237569064,0.036218109054527256,,Microphone Condenser,USB Microphone Kit - Tripod,
Audio Array,AM-C7,B0B4FZS38V,B0B4FZS38V,4,159.63,13,1214,0.0,0,14958.0,274.0,7.0,0.9945,0.025547445255474453,,93.70419094155234,0.010671881267549137,,Microphone Condenser,USB Microphone Kit - Boomarm,
Audio Array,AM-C2,B0B4G19R58,B0B4G19R58,4,4362.45,345,64844,60866.31,22,0.0,844.0,0.0,0.0253,0.0,0.07167265437973815,0.0,,198.2931818181818,Microphone Condenser,XLR Microphone Kit - Boomarm,
Audio Array,AM-C11,B0B4G1HPL5,B0B4G1HPL5,4,116.93,21,4878,0.0,0,0.0,347.0,0.0,0.0403,0.0,,0.0,,,Microphone Dynamic,USB/XLR Dynamic Mic,
Audio Array,AM-C6,B0B4G1PXWV,B0B4G1PXWV,4,266.38,36,6275,1778.81,1,0.0,200.0,0.0,0.2368,0.0,0.14975180036091545,0.0,,266.38,Microphone Condenser,USB Microphone Kit - Tripod,
Audio Array,AM-W13,B0B4G59Y8W,B0B4G59Y8W,4,2048.42,176,25279,6523.73,4,11394.0,293.0,6.0,0.8482,0.020477815699658702,0.3139952143942193,5.562335849093447,0.1797805862734773,512.105,Microphone Wireless Handheld,Wireless Microphone,
Audio Array,AM-W12,B0B4G763WS,B0B4G763WS,4,1288.57,142,34807,15492.36,5,0.0,449.0,0.0,0.0403,0.0,0.0831745453888239,0.0,,257.714,Microphone Wireless Handheld,Wireless Microphone,
Audio Array,AA-04,B0B4G7VWXD,B0B4G7VWXD,4,1085.62,112,6440,5716.09,5,0.0,188.0,0.0,0.0254,0.0,0.1899235316448831,0.0,,217.12399999999997,Microphone Accessories,Accessories,
Audio Array,AA-01,B0B4G8PH2P,B0B4G8PH2P,4,1109.78,46,13516,9461.88,5,0.0,289.0,0.0,0.0562,0.0,0.1172895872701831,0.0,,221.956,Microphone Accessories,Accessories,
Audio Array,AM-C3,B0B4G8ZB64,B0B4G8ZB64,4,1054.74,144,25329,3309.33,5,0.0,344.0,0.0,0.0024,0.0,0.3187170817053603,0.0,,210.948,Microphone Dynamic,Vocal Microphone,
Audio Array,AA-03,B0B4G94VP3,B0B4G94VP3,4,487.72,56,7153,4779.66,10,476.0,112.0,1.0,0.0216,0.008928571428571428,0.10204073093065198,0.9759698187484622,1.0246218487394958,48.772000000000006,Microphone Accessories,Accessories,
Audio Array,AM-C10,B0B4K87PR4,B0B4K87PR4,4,979.64,123,35916,10590.68,3,3999.0,244.0,1.0,0.0332,0.004098360655737705,0.09250019828755093,4.082111796170022,0.24497124281070268,326.5466666666667,Microphone Conference,Conference Microphone,
Audio Array,AM-C5,B0B4KC7VBM,B0B4KC7VBM,4,733.0,82,30008,1894.07,1,0.0,372.0,0.0,0.0242,0.0,0.3869973126653186,0.0,,733.0,Microphone Conference,Conference Microphone,
Tonor,TC30S,B0B4WTHLX5,B0B4WTHLX5,4,220.53,32,3763,0.0,0,2379.0,72.0,1.0,0.6353,0.013888888888888888,,10.78764793905591,0.09269861286254728,,Condenser Microphone,Tripod+RGB,
Tonor,TC40S,B0BBL47VR5,B0BBL47VR5,4,45.94,9,1513,0.0,0,0.0,20.0,0.0,1.0,0.0,,0.0,,,Condenser Microphone,Boom Arm Kit - USB - RGB,
White Mulberry,WM-MH05P-WH,B0BF4S7V8C,B0BF4S7V8C,4,300.87,10,6229,0.0,0,0.0,341.0,0.0,0.1995,0.0,,0.0,,,Desk-Adjustable,Manual,
White Mulberry,WM-MH05P-BK,B0BF4T7SWK,B0BF4T7SWK,4,484.74,19,9873,6194.07,1,0.0,99.0,0.0,0.3772,0.0,0.07825872164828619,0.0,,484.74,Desk-Adjustable,Manual,
White Mulberry,WM-LOD-WH,B0BFVMDJ2K,B0BFVMDJ2K,4,658.35,67,20291,20980.51,3,48914.0,1072.0,6.0,0.4351,0.005597014925373134,0.03137912281445971,74.29786587681325,0.01345933679519156,219.45000000000002,Desk,L-Shaped Desk,
White Mulberry,WM-LOD-IN,B0BFVNS8HS,B0BFVNS8HS,4,5914.36,366,102806,41853.4,6,33029.0,928.0,4.0,0.5109,0.004310344827586207,0.14131133910267743,5.584543382546886,0.1790656695631112,985.7266666666666,Desk,L-Shaped Desk,
White Mulberry,WM-LOD-BK,B0BFW59TRG,B0BFW59TRG,4,464.81,28,10917,6677.12,1,32036.0,410.0,4.0,0.8691,0.00975609756097561,0.06961234783858909,68.92278565435339,0.014508989886377825,464.81,Desk,L-Shaped Desk,
White Mulberry,WM-LOD-CF,B0BFWD6SNF,B0BFWD6SNF,4,10024.81,653,169336,74577.13,11,129217.0,1924.0,16.0,0.8056,0.008316008316008316,0.13442204064436375,12.889720603183502,0.07758120061601802,911.3463636363635,Desk,L-Shaped Desk,
Audio Array,AA-05,B0BLJVJ2GN,B0BLJVJ2GN,4,2271.21,215,19932,12421.24,21,649.0,1350.0,1.0,0.0102,0.0007407407407407407,0.18284889431328918,0.28575076721219084,3.499553158705701,108.15285714285714,Microphone Accessories,Accessories,
Audio Array,AM-K1,B0BLKBJ5HN,B0BLKBJ5HN,4,261.9,49,1730,0.0,0,0.0,86.0,0.0,0.9558,0.0,,0.0,,,Instrument Microphone Kit,Instrument Microphone - Drum Kit,
White Mulberry,WM-SEH04P-CF,B0BMQQQ7YD,B0BMQQQ7YD,4,39.85,2,297,0.0,0,0.0,8.0,0.0,1.0,0.0,,0.0,,,Desk-Adjustable,Motorized,
Audio Array,AM-C28,B0BPLWW72Y,B0BPLWW72Y,4,2534.04,160,19144,18102.56,12,4626.0,686.0,3.0,0.112,0.004373177842565598,0.13998241132745864,1.8255434010512857,0.5477821011673152,211.17,Microphone Conference,Conference Microphone,
Audio Array,AI-04 RED,B0BPLZ5CGV,B0BPLZ5CGV,4,51755.15,6109,937469,354769.92,94,0.0,9304.0,0.0,0.0061,0.0,0.14588370400737471,0.0,,550.5867021276596,Audio Interface,Audio Interface,
Audio Array,AA-06,B0BQ7H7418,B0BQ7H7418,4,686.4,73,6916,2074.57,2,1271.0,189.0,1.0,0.0714,0.005291005291005291,0.33086374525805345,1.8516899766899768,0.5400472069236821,343.2,Microphone Accessories,Accessories,
Tonor,TC30S+,B0BRCR2QQ7,B0BRCR2QQ7,4,10.88,2,215,0.0,0,0.0,16.0,0.0,0.3529,0.0,,0.0,,,Condenser Microphone,Boom Arm Kit + RGB,
Tonor,T90,B0BRKDLXCD,B0BRKDLXCD,4,875.32,75,12786,6523.73,2,3699.0,153.0,1.0,0.9799,0.006535947712418301,0.13417477424724814,4.2258831056070925,0.23663692889970264,437.66,Accessories,Boom Arm - RGB,
Tonor,TD510,B0BRKFP94K,B0BRKFP94K,4,1112.41,158,33387,8004.19,3,4026.94,267.0,1.0,0.1527,0.003745318352059925,0.13897846003155848,3.6200142033962295,0.27624201006223087,370.80333333333334,Dynamic Microphone,USB/XLR Mic,
Tonor,TC310,B0BTCXQQ6M,B0BTCXQQ6M,4,13203.06,1135,148107,43184.75,22,0.0,1631.0,0.0,0.0791,0.0,0.30573431593328665,0.0,,600.1390909090909,Condenser Microphone,Tripod - RGB,
Tonor,TC-777 PRO,B0BYHHSLPC,B0BYHHSLPC,4,1061.65,195,16259,4988.98,3,0.0,428.0,0.0,0.0123,0.0,0.212799009015871,0.0,,353.8833333333334,Condenser Microphone,Tripod - RGB,
Audio Array,AM-C30,B0C4YTNJG7,B0C4YTNJG7,4,43.5,4,612,0.0,0,0.0,13.0,0.0,0.125,0.0,,0.0,,,Microphone Condenser,RGB USB Microphone Kit - Tripod,
Audio Array,AM-C32,B0C539RBGL,B0C539RBGL,4,13.4,2,92,0.0,0,0.0,9.0,0.0,1.0,0.0,,0.0,,,Microphone Condenser,RGB USB Microphone Kit - Tripod,
UNKNOWN,,B0C8JDHLX9,,4,0.0,0,3,0.0,0,0.0,0.0,0.0,0.0,,,,,,,,
Audio Array,AM-C11X,B0CBC7QMNV,B0CBC7QMNV,4,2276.21,148,25494,7194.07,2,0.0,327.0,0.0,0.0562,0.0,0.3164008690490918,0.0,,1138.105,Microphone Dynamic,XLR Dynamic Mic,
Audio Array,AM-C39,B0CBCB82MT,B0CBCB82MT,4,1538.68,141,21712,1355.08,1,0.0,538.0,0.0,0.0045,0.0,1.1354901555627712,0.0,,1538.68,Microphone Condenser,XLR Microphone Kit - Tripod,
Audio Array,AM-C40,B0CBCB9S14,B0CBCB9S14,4,176.27,33,3237,4150.85,2,0.0,99.0,0.0,0.1288,0.0,0.042466000939566595,0.0,,88.135,Microphone Condenser,Condenser Mic with Boom Arm,
Tonor,TC310+,B0CCV74CL7,B0CCV74CL7,4,986.98,50,5903,0.0,0,3030.54,711.0,1.0,0.0408,0.0014064697609001407,,3.070518146264362,0.3256779319857187,,Condenser Microphone,Boom Arm Kit - USB - RGB,
UNKNOWN,,B0CCVBQRFX,,4,0.0,0,6,0.0,0,0.0,0.0,0.0,0.0,,,,,,,,
Nexlev,GS-02,B0CDPMX152,B0CDPMX152,4,12115.12,669,194998,42177.880000000005,25,19690.0,1953.0,10.0,0.65,0.005120327700972862,0.287238713752327,1.625241846552077,0.6152930421533774,484.6048,Home & Kitchen,Fabric Care,Garment steamer
Nexlev,SC-01,B0CDPP45BM,B0CDPP45BM,4,19872.68,1317,181227,65109.34,25,168369.0,11732.0,54.0,0.677,0.004602795772246846,0.30522011127742965,8.472385204210001,0.11803051630644597,794.9072,Home & Kitchen,Cleaning & Vacumming,Steam cleaner
Audio Array,AA-19,B0CF5R3V95,B0CF5R3V95,4,3678.05,223,20968,44936.44,15,15196.0,667.0,4.0,0.084,0.005997001499250375,0.0818500530972191,4.13153709166542,0.24204066859699921,245.20333333333335,Microphone Accessories,Accessories,
Audio Array,AA-20,B0CF5RRTDJ,B0CF5RRTDJ,4,599.02,42,7354,1821.19,1,0.0,145.0,0.0,0.1685,0.0,0.3289168071425826,0.0,,599.02,Microphone Accessories,Accessories,
Audio Array,AA-22,B0CF5SHL15,B0CF5SHL15,4,114.27,10,1264,0.0,0,3649.0,751.0,1.0,0.1393,0.0013315579227696406,,31.933140806860944,0.03131542888462592,,Microphone Accessories,Accessories,
Audio Array,AA-21,B0CF5TCQKL,B0CF5TCQKL,4,5988.72,377,29529,24323.72,8,3809.0,1118.0,1.0,0.0483,0.0008944543828264759,0.24620905026040424,0.6360290679811379,1.5722551850879496,748.59,Microphone Accessories,Accessories,
Tonor,T20LP,B0CFKHCQ8W,B0CFKHCQ8W,4,2269.69,153,23367,5590.68,3,6597.0,183.0,3.0,1.0,0.01639344262295082,0.4059774481816165,2.906564332574052,0.3440488100651812,756.5633333333334,Accessories,Low Profile Boom Arm,
Audio Array,AM-C43,B0CH4RNWJX,B0CH4RNWJX,4,6988.95,521,81228,40314.45,20,2449.0,1489.0,2.0,0.0054,0.001343183344526528,0.1733609164952021,0.350410290530051,2.8537974683544305,349.4475,Microphone Condenser,XLR Microphone Kit - Boomarm,
Audio Array,AI-06,B0CH4RT4P8,B0CH4RT4P8,4,2056.07,412,38270,6819.490000000001,3,0.0,1179.0,0.0,0.1125,0.0,0.30149908570875533,0.0,,685.3566666666667,Audio Interface,Audio Interface,
Audio Array,AM-C42,B0CH4T2BJD,B0CH4T2BJD,4,544.47,58,5226,1738.22,1,0.0,157.0,0.0,0.0092,0.0,0.31323422811842,0.0,,544.47,Microphone Condenser,USB Microphone Kit - Boomarm,
Audio Array,AM-W45,B0CKHVHVQ1,B0CKHVHVQ1,4,143.52999999999997,8,903,0.0,0,0.0,0.0,0.0,0.0,,,0.0,,,Microphone Conference,Wireless Conference Microphone,
Audio Array,AI-10,B0CM6NTWBP,B0CM6NTWBP,4,4698.4,555,78300,34854.89,14,0.0,1778.0,0.0,0.0183,0.0,0.13479887614047842,0.0,,335.59999999999997,Audio Interface,Audio Interface,
Audio Array,AI-11,B0CM6NVLT9,B0CM6NVLT9,4,4294.47,612,102675,12769.48,12,0.0,1463.0,0.0,0.0085,0.0,0.3363073515914509,0.0,,357.8725,Audio Interface,Audio Interface,
Audio Array,AI-12,B0CM6WH4ZT,B0CM6WH4ZT,4,1968.64,263,59217,5561.02,5,10196.11,583.0,10.0,0.8411,0.017152658662092625,0.3540069987160629,5.1792658891417425,0.19307755604833607,393.728,Audio Interface,Audio Interface,
Audio Array,AM-W18,B0CM9HYVDM,B0CM9HYVDM,4,4150.71,259,34565,16570.36,17,0.0,1353.0,0.0,0.0302,0.0,0.2504900315985893,0.0,,244.15941176470588,Speaker Karaoke,Microphone with Speaker,
Audio Array,AM-C44,B0CM9KJZWQ,B0CM9KJZWQ,4,1639.7,123,18818,22585.59,7,0.0,368.0,0.0,0.0349,0.0,0.07259938748556048,0.0,,234.24285714285716,Microphone Dynamic,Dynamic Microphone,
Audio Array,AM-W16,B0CM9L1QZG,B0CM9L1QZG,4,395.96,42,4892,1905.93,1,0.0,190.0,0.0,0.026,0.0,0.20775159633354842,0.0,,395.96,Microphone Wireless Lapel,Wireless Lapel Microphone,
Audio Array,AM-W17,B0CM9P5CCK,B0CM9P5CCK,4,253.63,25,4714,2938.98,2,6876.0,285.0,4.0,0.3089,0.014035087719298246,0.0862986478301996,27.110357607538543,0.03688627108784177,126.815,Microphone Wireless Lapel,Wireless Lapel Microphone,
White Mulberry,WM-USE06-BK,B0CPFN27Z2,B0CPFN27Z2,4,1262.23,17,4297,0.0,0,0.0,154.0,0.0,0.3057,0.0,,0.0,,,Desk-Adjustable,USB-Motorized,
White Mulberry,WM-GD07-CB,B0CPFS24ML,B0CPFS24ML,4,46163.9,3397,371126,340838.99,55,972265.0,22259.0,133.0,0.9978,0.00597511119097893,0.135441957506094,21.061153845320693,0.04748077941713422,839.3436363636364,Desk,Gaming Desk,
White Mulberry,WM-SE08-WH,B0CPT2NY5M,B0CPT2NY5M,4,741.76,50,9028,0.0,0,15603.0,142.0,1.0,0.9509,0.007042253521126761,,21.03510569456428,0.047539575722617446,,Desk-Adjustable,Motorized,
White Mulberry,WM-SE08-BK,B0CPT34B2L,B0CPT34B2L,4,115.55,11,3593,0.0,0,0.0,176.0,0.0,0.4643,0.0,,0.0,,,Desk-Adjustable,Motorized,
White Mulberry,WM-SE08-CF,B0CPT3Q25C,B0CPT3Q25C,4,5851.42,291,35748,45642.36,4,30018.0,510.0,2.0,0.8651,0.00392156862745098,0.1282015215689986,5.1300368115773605,0.19493037510826838,1462.855,Desk-Adjustable,Motorized,
Tonor,TD310+,B0CQX3VB1R,B0CQX3VB1R,4,1367.11,131,29908,14782.2,10,3798.0,277.0,2.0,0.1441,0.007220216606498195,0.09248352748575989,2.7781231941833506,0.3599552395997893,136.71099999999998,Dynamic Microphone,Hand held Mic + Boom Arm,
Tonor,TD310,B0CQX4K9P5,B0CQX4K9P5,4,3814.04,330,46642,21672.86,16,11643.0,1009.0,7.0,0.1117,0.006937561942517344,0.1759823115177231,3.052668561420436,0.32758223825474536,238.3775,Dynamic Microphone,Hand held Mic + Stand,
Nexlev,GS-04,B0CQX9ZZMH,B0CQX9ZZMH,4,0.0,0,0,0.0,0,6321.0,20.0,4.0,0.9643,0.2,,,0.0,,Home & Kitchen,Fabric Care,Garment steamer
UNKNOWN,,B0CS69T7HF,,4,0.0,0,0,0.0,0,0.0,0.0,0.0,0.0,,,,,,,,
Tonor,TM310,B0CSCT63BL,B0CSCT63BL,4,914.1,87,17213,0.0,0,0.0,203.0,0.0,0.2996,0.0,,0.0,,,Conference Microphone,Wired,
UNKNOWN,,B0CSG2JZ19,,4,0.0,0,0,0.0,0,0.0,0.0,0.0,0.0,,,,,,,,
UNKNOWN,,B0CSG3FC4G,,4,0.0,0,0,0.0,0,0.0,0.0,0.0,0.0,,,,,,,,
Audio Array,AM-W46,B0CX1XK5R6,B0CX1XK5R6,4,147.61,16,2198,0.0,0,0.0,111.0,0.0,0.5403,0.0,,0.0,,,Speaker Karaoke,Microphone with Speaker,
Nexlev,MR-01,B0CYSLCRQS,B0CYSLCRQS,4,15697.14,1036,107697,39066.96,18,154564.0,68502.0,65.0,0.8838,0.0009488774050392689,0.4018009079795305,9.846634482459862,0.1015575425066639,872.0633333333333,Home & Kitchen,Cleaning & Vacumming,Mite Remover
Nexlev,SC-02,B0CYSMBCB8,B0CYSMBCB8,4,0.0,0,0,0.0,0,15792.33,223.0,7.0,0.9888,0.03139013452914798,,,0.0,,Home & Kitchen,Cleaning & Vacumming,Steam cleaner
Nexlev,ETC-04-WH,B0D25LNDSY,B0D25LNDSY,4,74.76,7,2604,0.0,0,0.0,56.0,0.0,0.6552,0.0,,0.0,,,HPC,Oral Care,Electric Toothbrush
Nexlev,CR-01,B0D2LHNS9B,B0D2LHNS9B,4,786.22,37,15978,0.0,0,1376.0,95.0,2.0,0.9722,0.021052631578947368,,1.7501462694919996,0.5713808139534884,,HPC,Skin Care,Callus Remover
Nexlev,SM-01,B0D2LJSQXZ,B0D2LJSQXZ,4,1607.6,152,18422,9152.55,3,39032.0,1300.0,12.0,0.8543,0.009230769230769232,0.1756450388143195,24.279671560089575,0.04118671858987497,535.8666666666667,Home & Kitchen,Cleaning & Vacumming,Steam Mop
Nexlev,ET-01-BK_N,B0D2P5TGWK,B0D2P5TGWK,4,596.9,89,6044,945.76,4,10975.0,1031.0,39.0,0.8582,0.037827352085354024,0.631132634072069,18.386664432903334,0.0543872437357631,149.225,HPC,Oral Care,Electric Toothbrush
Nexlev,ET-03-BL_N,B0D2P6KF4N,B0D2P6KF4N,4,0.0,0,0,0.0,0,0.0,34.0,0.0,0.9744,0.0,,,,,HPC,Oral Care,Electric Toothbrush - Sonic
Nexlev,ET-02-GN_N,B0D2P7WLJB,B0D2P7WLJB,4,739.85,88,5911,1679.65,7,5331.0,421.0,19.0,0.8915,0.04513064133016627,0.440478671151728,7.205514631344191,0.13878259238416807,105.69285714285715,HPC,Oral Care,Electric Toothbrush
Nexlev,GS-05,B0D383WQPB,B0D383WQPB,4,15075.17,796,277153,31087.31,22,54049.0,2361.0,32.0,0.6678,0.013553578991952562,0.48493002450195916,3.5852995355939603,0.2789167237136672,685.235,Home & Kitchen,Fabric Care,Garment steamer
Audio Array,AM-C45,B0D3LZWTHV,B0D3LZWTHV,4,3006.88,230,43606,12294.07,3,3349.0,596.0,1.0,0.0192,0.0016778523489932886,0.2445797038734935,1.1137790666737615,0.8978441325768887,1002.2933333333334,Microphone Dynamic,Dynamic Microphone,
Audio Array,AM-C46,B0D3M1B4Z8,B0D3M1B4Z8,4,17560.28,882,171035,55556.79,24,0.0,2996.0,0.0,0.0024,0.0,0.31607801674646785,0.0,,731.6783333333333,Microphone Condenser,Condenser Mic with Boom Arm,
Audio Array,AA-19BL,B0D3M86SH1,B0D3M86SH1,4,315.27,20,3029,3219.49,1,9998.0,509.0,2.0,0.0931,0.003929273084479371,0.09792544781937512,31.712500396485552,0.031533306661332264,315.27,Microphone Accessories,Accessories,
Audio Array,AA-19WL,B0D3Q2T5XX,B0D3Q2T5XX,4,499.67,31,3053,0.0,0,0.0,451.0,0.0,0.0634,0.0,,0.0,,,Microphone Accessories,Accessories,
UNKNOWN,,B0D637B562,,4,0.0,0,0,0.0,0,0.0,0.0,0.0,0.0,,,,,,,,
Nexlev,HM-02,B0D63DTKQB,B0D63DTKQB,4,455.62,19,7653,0.0,0,6805.0,241.0,5.0,1.0,0.02074688796680498,,14.935692024055134,0.06695371050698017,,HPC,Hair Care,Head Massager
Nexlev,SC-03,B0D672NXC8,B0D672NXC8,4,0.0,0,0,0.0,0,39714.0,541.0,6.0,0.827,0.011090573012939002,,,0.0,,Home & Kitchen,Cleaning & Vacumming,Steam cleaner
Nexlev,EA-01,B0D67727VG,B0D67727VG,4,8882.630000000001,569,50511,15342.85,14,6234.0,972.0,6.0,0.2657,0.006172839506172839,0.5789426345170552,0.701819168421965,1.424868463265961,634.4735714285715,HPC,Hair Care,Hair Oil Applicator
Nexlev,V-01,B0D83Q7L8W,B0D83Q7L8W,4,1452.62,71,22966,2100.0,2,5086.0,530.0,4.0,0.9678,0.007547169811320755,0.6917238095238095,3.5012597926505213,0.28561148250098306,726.31,HPC,Hair Care,Volumizer
Nexlev,ETC-05-PI,B0D842173P,B0D842173P,4,153.32,16,7208,0.0,0,0.0,27.0,0.0,0.6061,0.0,,0.0,,,HPC,Oral Care,Electric Toothbrush
UNKNOWN,LR-02,B0D845B2DG,B0D845B2DG,4,5690.49,308,106073,21227.08,21,30724.0,649.0,24.0,0.8026,0.03697996918335902,0.2680769093064142,5.399183550098498,0.18521318838692877,270.9757142857143,,,
Nexlev,ETR-06,B0D9KCNVNM,B0D9KCNVNM,4,731.5699999999999,67,48860,2488.1400000000003,3,1199.0,114.0,1.0,0.5887,0.008771929824561403,0.2940228443737088,1.6389409079103847,0.6101501251042535,243.85666666666665,HPC,Oral Care,Electric Toothbrush - Oscillating
Nexlev,HSB-03,B0D9KFP4MG,B0D9KFP4MG,4,3741.76,343,83933,13594.04,9,22737.0,1313.0,14.0,0.971,0.010662604722010662,0.27525003604520804,6.076552210724365,0.1645670053217223,415.75111111111113,HPC,Hair Care,Hair Straightener Brush - Corded
Nexlev,FS-01,B0D9KFZYG8,B0D9KFZYG8,4,5586.63,308,86295,8130.48,6,22482.0,1297.0,14.0,0.8195,0.01079414032382421,0.6871217935472445,4.024250755822383,0.24849346143581533,931.105,HPC,Skin Care,Face Steamer
White Mulberry,WM-GS1M-BK,B0DB5VG39T,B0DB5VG39T,4,12682.7,555,90922,50419.46,25,10604.0,1456.0,4.0,0.0593,0.0027472527472527475,0.2515437491793843,0.8360995687038248,1.1960298000754432,507.30800000000005,Monitor Arm,Monitor Arm,
White Mulberry,WM-HA1M-BK,B0DB5W4TCP,B0DB5W4TCP,4,5610.41,310,38627,8993.240000000002,7,30170.0,544.0,20.0,1.0,0.03676470588235294,0.6238474676534819,5.377503604905881,0.1859598939343719,801.4871428571429,Monitor Arm,Monitor Arm,
UNKNOWN,,B0DB5YTQZV,,4,0.0,0,1597,0.0,0,0.0,0.0,0.0,0.0,,,,,,,,
Nexlev,LE-02,B0DCGHKRXX,B0DCGHKRXX,4,5743.69,485,81477,12039.82,8,38799.0,3158.0,21.0,0.9065,0.006649778340721976,0.47705779654513103,6.75506512364003,0.14803706281089718,717.96125,HPC,Hair Care,Hair Therapy Comb
Nexlev,VC-01,B0DCGHVN81,B0DCGHVN81,4,18213.32,1399,177959,43723.68,26,105147.0,5666.0,55.0,0.9214,0.009707024355806565,0.41655505666494674,5.773082557161462,0.1732176857161878,700.5123076923077,Home & Kitchen,Cleaning & Vacumming,Vacuum Cleaner
Nexlev,HSB-04,B0DCK3N2JJ,B0DCK3N2JJ,4,12696.31,779,166455,38274.61,22,70169.0,2275.0,36.0,0.8964,0.015824175824175824,0.3317162474026515,5.52672390639485,0.1809390186549616,577.105,HPC,Hair Care,Hair Straightener Brush - Cordless
Nexlev,LE-04,B0DCK4DR1B,B0DCK4DR1B,4,1658.62,79,10458,3683.91,3,0.0,153.0,0.0,0.096,0.0,0.45023358333944097,0.0,,552.8733333333333,HPC,Skin Care,Skin Lift Device
Nexlev,VC-02,B0DCK56Q85,B0DCK56Q85,4,165.76,8,2839,0.0,0,2599.0,50.0,1.0,1.0,0.02,,15.679295366795367,0.06377837629857637,,Home & Kitchen,Cleaning & Vacumming,Vacuum Cleaner
Nexlev,SPM-01,B0DCK7J87D,B0DCK7J87D,4,329.74,22,3336,0.0,0,0.0,94.0,0.0,1.0,0.0,,0.0,,,Home & Kitchen,Cleaning & Vacumming,Electric Spin Mop Swipe
Nexlev,MR-02,B0DCK7ZH5P,B0DCK7ZH5P,4,0.0,0,0,0.0,0,40648.0,6533.0,12.0,0.3238,0.0018368284096127354,,,0.0,,Home & Kitchen,Cleaning & Vacumming,Mite Remover
Nexlev,CM-01-BL,B0DFCDKMWR,B0DFCDKMWR,4,0.0,0,0,0.0,0,6135.0,196.0,5.0,0.8099,0.025510204081632654,,,0.0,,HPC,Electric Massagers,Electric Heating Pads
Nexlev,CM-02-PR,B0DFCDZWND,B0DFCDZWND,4,4144.4400000000005,228,55165,7238.070000000001,6,14479.0,332.0,11.0,0.8297,0.03313253012048193,0.572589101790947,3.49359623978149,0.28623799986186893,690.7400000000001,HPC,Electric Massagers,Electric Heating Pads
Nexlev,KE-01,B0DFCG2VGS,B0DFCG2VGS,4,5943.4,654,156678,24747.45,18,21747.0,1206.0,13.0,0.8749,0.01077943615257048,0.2401621177131381,3.659016724433826,0.27329746631719315,330.18888888888887,Home & Kitchen,Kitchen Appliances,Electric Multi Kettles
Nexlev,KE-02,B0DFD123P5,B0DFD123P5,4,12580.92,1356,246013,9928.8,9,32278.0,1930.0,23.0,0.945,0.011917098445595855,1.2671138506163888,2.5656311303147943,0.38976764359625754,1397.88,Home & Kitchen,Kitchen Appliances,Electric Multi Kettles
Nexlev,TI-01,B0DFM4JZV9,B0DFM4JZV9,4,23.5,3,2803,0.0,0,0.0,18.0,0.0,0.7368,0.0,,0.0,,,Home & Kitchen,Car Accessories,Tyre Inflators - Corded
Audio Array,AM-W35,B0DFMKY4TT,B0DFMKY4TT,4,200.74,25,2783,0.0,0,0.0,1404.0,1.0,0.101,0.0007122507122507123,,0.0,,,Microphone Wireless Handheld,Wireless Microphone,
Audio Array,AM-W32,B0DFMLS8JG,B0DFMLS8JG,4,581.68,96,15718,16513.57,6,0.0,444.0,0.0,0.0076,0.0,0.035224363962486606,0.0,,96.94666666666666,Microphone Wireless Handheld,Wireless Microphone,
Audio Array,AM-W34,B0DFMLXD9S,B0DFMLXD9S,4,2901.05,240,52196,11606.78,5,3449.0,495.0,1.0,0.0739,0.00202020202020202,0.24994442903199682,1.1888798883162992,0.8411278631487388,580.21,Microphone Wireless Handheld,Wireless Microphone,
Audio Array,AM-W33,B0DFMMTWLY,B0DFMMTWLY,4,449.99,81,14933,1524.58,1,5397.0,307.0,3.0,0.4225,0.009771986970684038,0.29515669889412166,11.993599857774617,0.08337780248286085,449.99,Microphone Wireless Handheld,Wireless Microphone,
Audio Array,AM-W36,B0DFMNGFTD,B0DFMNGFTD,4,8507.91,852,101668,57235.64,17,5699.0,2203.0,1.0,0.0506,0.00045392646391284613,0.1486470667577055,0.6698472362777698,1.4928776978417266,500.46529411764703,Microphone Wireless Handheld,Wireless Microphone,
Audio Array,AM-W21,B0DFMQCGT1,B0DFMQCGT1,4,14.02,2,250,0.0,0,0.0,0.0,0.0,0.0,,,0.0,,,Microphone Wireless Lapel,Wireless Lapel Microphone,
UNKNOWN,,B0DJFH4K8B,,4,0.0,0,1,0.0,0,0.0,0.0,0.0,0.0,,,,,,,,
Nexlev,TI-02,B0DJFH6RTL,B0DJFH6RTL,4,172.57999999999998,20,2765,0.0,0,1329.0,56.0,1.0,0.8841,0.017857142857142856,,7.700776451500754,0.12985703536493604,,Home & Kitchen,Car Accessories,Tyre Inflators - Corded
Nexlev,VC-05,B0DKJSCLBD,B0DKJSCLBD,4,714.04,57,11974,3800.84,2,4118.0,512.0,2.0,0.7888,0.00390625,0.18786373538480966,5.767183911265476,0.17339485186983972,357.02,Home & Kitchen,Cleaning & Vacumming,Vacuum Cleaner
Nexlev,BR-01,B0DKJXRXKM,B0DKJXRXKM,4,7641.33,559,87852,12822.04,10,22035.0,659.0,17.0,0.8439,0.025796661608497723,0.5959527501084071,2.8836603052086485,0.34678148400272296,764.133,HPC,Skin Care,Blackhead Remover
Nexlev,VC-04,B0DKJZDY72,B0DKJZDY72,4,0.0,0,0,0.0,0,0.0,87.0,0.0,0.1275,0.0,,,,,Home & Kitchen,Cleaning & Vacumming,Vacuum Cleaner
Nexlev,EA-02,B0DKK15YNJ,B0DKK15YNJ,4,0.0,0,0,0.0,0,9696.0,394.0,4.0,0.8311,0.01015228426395939,,,0.0,,HPC,Hair Care,Hair Oil Applicator
Nexlev,KM-01,B0DM66B2DW,B0DM66B2DW,4,2835.88,191,17895,0.0,0,0.0,250.0,1.0,0.8066,0.004,,0.0,,,HPC,Electric Massagers,Knee Massager
UNKNOWN,,B0DM6BB3VT,,4,0.0,0,0,0.0,0,0.0,0.0,0.0,0.0,,,,,,,,
Audio Array,AM-C45 PRO,B0DN6LJZBR,B0DN6LJZBR,4,66.36,6,849,3473.73,1,0.0,121.0,0.0,0.2,0.0,0.019103384546294618,0.0,,66.36,Bundles,Bundles,
Audio Array,AM-C11 PRO,B0DN6MNS1X,B0DN6MNS1X,4,152.24,13,1535,0.0,0,15597.0,48.0,3.0,1.0,0.0625,,102.45007882291118,0.009760851445790858,,Bundles,Bundles,
Audio Array,AM-C44 PRO,B0DN6PFWNK,B0DN6PFWNK,4,34.59,3,377,0.0,0,0.0,200.0,0.0,0.2996,0.0,,0.0,,,Bundles,Bundles,
Nexlev,BM-02,B0DNJJKBKG,B0DNJJKBKG,4,539.41,31,6659,1770.48,1,0.0,53.0,1.0,0.0167,0.018867924528301886,0.3046687903845285,0.0,,539.41,HPC,Electric Massagers,Back & Shoulder Massager
Nexlev,SS-02,B0DNJP9T35,B0DNJP9T35,4,2329.89,211,41938,3472.88,2,6147.0,321.0,3.0,0.8081,0.009345794392523364,0.6708812282601183,2.6383219808660496,0.37902879453391897,1164.945,Home & Kitchen,Cleaning & Vacumming,Electric Spin Scrubber
Nexlev,SC-04,B0DNJS23HS,B0DNJS23HS,4,20165.93,1092,173728,89575.41,21,245357.0,6614.0,47.0,0.849,0.007106138494103417,0.22512796759735734,12.166907253967459,0.08219015556923177,960.282380952381,Home & Kitchen,Cleaning & Vacumming,Steam cleaner
White Mulberry,MS1ML,B0DP2VVRND,B0DP2VVRND,4,17988.03,948,90227,64936.44,39,5838.0,1469.0,3.0,0.0681,0.0020422055820285907,0.27700979604055903,0.32454915852375166,3.0811973278520037,461.23153846153843,Monitor Arm,Monitor Arm,
White Mulberry,WM1ML,B0DP2WC5VW,B0DP2WC5VW,4,15106.75,748,48878,21340.71,9,17298.0,1507.0,6.0,0.2574,0.003981420039814201,0.7078841331895706,1.1450510533370843,0.8733235056075846,1678.5277777777778,Monitor Arm,Monitor Arm,
White Mulberry,VLMS1ML,B0DP2Z5DQ9,B0DP2Z5DQ9,4,722.8,62,12877,6709.32,3,31668.0,469.0,12.0,1.0,0.0255863539445629,0.10773073873358253,43.81294964028777,0.02282430213464696,240.9333333333333,Monitor Arm,Monitor Arm,
UNKNOWN,,B0DP3194QN,,4,704.79,31,11858,0.0,0,0.0,0.0,0.0,0.0,,,0.0,,,,,
White Mulberry,HDWF1ML,B0DP32F346,B0DP32F346,4,4880.9,195,45414,15321.2,6,6334.0,532.0,2.0,0.0879,0.0037593984962406013,0.3185716523509907,1.2977114876354772,0.7705873065993053,813.4833333333332,Monitor Arm,Monitor Arm,
White Mulberry,WM-MDL-BK,B0DQ1NV8D2,B0DQ1NV8D2,4,1529.56,69,27317,12388.14,2,0.0,285.0,0.0,0.6716,0.0,0.12346970570238955,0.0,,764.78,Desk-Adjustable,Manual,
White Mulberry,WM-MDL-WH,B0DQ1PKNSP,B0DQ1PKNSP,4,2406.55,117,33961,0.0,0,15001.0,250.0,1.0,0.8264,0.004,,6.2334046664311975,0.16042597160189323,,Desk-Adjustable,Manual,
White Mulberry,WM-MODL-WH,B0DQ4YWSMC,B0DQ4YWSMC,4,860.36,38,10013,0.0,0,15999.0,190.0,1.0,0.7081,0.005263157894736842,,18.59570412385513,0.05377586099131196,,Desk-Adjustable,Motorized,
White Mulberry,WM-MODL-BBW,B0DQ4ZK2WQ,B0DQ4ZK2WQ,4,82.7,4,2383,0.0,0,0.0,42.0,0.0,0.4222,0.0,,0.0,,,Desk-Adjustable,Motorized,
White Mulberry,WM-MODL-BK,B0DQ51R95T,B0DQ51R95T,4,198.87,8,3242,0.0,0,0.0,132.0,0.0,0.2531,0.0,,0.0,,,Desk-Adjustable,Motorized,
Nexlev,V-01 RG,B0DQ8W1RBV,B0DQ8W1RBV,4,4315.18,257,52527,6241.530000000001,5,26224.0,1212.0,20.0,0.9357,0.0165016501650165,0.6913657388492885,6.077150895211787,0.16455079316656498,863.0360000000001,HPC,Hair Care,Volumizer
Nexlev,V-03,B0DQCWRG3H,B0DQCWRG3H,4,41759.97,2936,424524,89155.99,56,191909.0,4564.0,103.0,0.9484,0.02256792287467134,0.46839219664320925,4.595525332034482,0.21760297849501586,745.71375,HPC,Hair Care,Volumizer
Nexlev,VC-06,B0DRD8J8R5,B0DRD8J8R5,4,120.01,8,2064,1694.07,1,1279.0,189.0,1.0,1.0,0.005291005291005291,0.07084122852066325,10.657445212898924,0.09383111806098515,120.01,Home & Kitchen,Cleaning & Vacumming,Vacuum Cleaner
Audio Array,AA-26,B0DT6T6N6B,B0DT6T6N6B,4,1514.55,175,17237,4296.6,11,978.0,1259.0,3.0,0.0505,0.0023828435266084196,0.3524996508867476,0.6457363573338616,1.5486196319018404,137.68636363636364,Microphone Accessories,Accessories,
Nexlev,V-02,B0DT6Y7KJM,B0DT6Y7KJM,4,1203.7,312,85617,3716.96,2,3898.0,561.0,2.0,0.9919,0.0035650623885918,0.3238399121863028,3.2383484256874637,0.3087993842996409,601.85,HPC,Hair Care,Volumizer
Nexlev,SPM-01(NEW),B0DTYDTKN8,B0DTYDTKN8,4,117.88,10,2443,0.0,0,3899.0,315.0,1.0,0.9944,0.0031746031746031746,,33.07600950118765,0.03023339317773788,,Home & Kitchen,Cleaning & Vacumming,Electric Spin Mop Swipe
Nexlev,AP-03,B0DVC58QPZ,B0DVC58QPZ,4,0.0,0,0,0.0,0,4140.0,30.0,1.0,1.0,0.03333333333333333,,,0.0,,Home & Kitchen,Air Purifier,NexLev Air Purifier Mini
Nexlev,ST-01,B0DVC7VJP1,B0DVC7VJP1,4,19239.19,1026,186406,86501.68999999999,18,134808.0,3548.0,25.0,0.8693,0.007046223224351747,0.22241403607259005,7.006947797698344,0.1427154916622159,1068.8438888888888,Home & Kitchen,Kitchen Appliances,Stand Mixer
Nexlev,AP-01,B0DVC9PRSD,B0DVC9PRSD,4,358.16,35,22227,0.0,0,12625.0,113.0,1.0,0.8921,0.008849557522123894,,35.24960911324548,0.028369108910891092,,Home & Kitchen,Air Purifier,Air Purifier
Audio Array,AM-S1,B0DXFPM4N2,B0DXFPM4N2,4,27162.29,2917,345190,271177.13,46,25692.0,8650.0,3.0,0.0546,0.0003468208092485549,0.10016438333129346,0.9458701751582801,1.0572275416472054,590.4845652173914,Monitor Speakers,Studio Monitor Speaker,
Audio Array,AM-W21,B0F2HYY7JF,B0F2HYY7JF,4,210.46,24,3996,5083.06,2,5998.0,72.0,2.0,0.6216,0.027777777777777776,0.04140419353696395,28.499477335360638,0.03508836278759587,105.23,Microphone Wireless Lapel,Wireless Lapel Microphone,
Nexlev,SC-05,B0F43P6D23,B0F43P6D23,4,7306.93,528,64389,26761.88,11,99399.0,7019.0,39.0,0.7486,0.005556347057985468,0.2730350035199321,13.603387469155992,0.07351110172134528,664.2663636363636,Home & Kitchen,Cleaning & Vacumming,Steam cleaner
Audio Array,AM-C47,B0FF9R3GKK,B0FF9R3GKK,4,916.16,65,23341,9461.86,5,0.0,221.0,0.0,0.0463,0.0,0.09682662816824598,0.0,,183.232,Microphone Condenser,USB Microphone Kit - Boomarm,
Audio Array,SB-01,B0FFB6YJM1,B0FFB6YJM1,4,2283.96,417,45466,4149.15,4,0.0,621.0,0.0,0.1061,0.0,0.550464552980731,0.0,,570.99,Sound Bar,Sound Bar,
Audio Array,AH-50,B0FG88HVQ8,B0FG88HVQ8,4,16025.24,1097,79448,70039.81,43,58030.0,2919.0,29.0,0.2953,0.009934909215484755,0.22880187710389277,3.621162615973302,0.2761544028950543,372.68,DJ Headphone,DJ Headphone,
Nexlev,ETC-08-BL,B0FJ1ZB4G9,B0FJ1ZB4G9,4,115.69,9,9967,643.22,1,739.0,55.0,1.0,1.0,0.01818181818181818,0.1798607008488542,6.387760394156799,0.15654939106901217,115.69,HPC,Oral Care,Electric Toothbrush
Audio Array,PB-01 (AM-C11 + AI-04),B0FJ2HZCVN,B0FJ2HZCVN,4,393.5,72,14360,11270.34,1,0.0,748.0,0.0,0.3272,0.0,0.03491465208680483,0.0,,393.5,Bundles,PB-01,
Audio Array,GB-01 (AM-C43 +AI-10),B0FJ2K95XT,B0FJ2K95XT,4,503.39,47,16083,3304.24,1,0.0,251.0,0.0,0.4124,0.0,0.15234668183909159,0.0,,503.39,Bundles,GB-01,
Audio Array,PB-03 (AI-04 RED + AM-C11 X 2),B0FJ8S5XJ8,B0FJ8S5XJ8,4,530.38,107,28995,34488.98,3,40897.0,1197.0,3.0,0.3573,0.002506265664160401,0.015378245456954655,77.10886534183038,0.012968677409100913,176.79333333333332,Bundles,PB-03,
Nexlev,KE-03,B0FJ8SFNRH,B0FJ8SFNRH,4,0.0,0,0,0.0,0,579.0,4.0,1.0,0.6,0.25,,,0.0,,Home & Kitchen,Kitchen Appliances,Electric Kettle
Audio Array,PB-05 (AA-05 + AM-C11 + AI-04),B0FJ8T4WXM,B0FJ8T4WXM,4,48.27,9,5928,0.0,0,0.0,15.0,0.0,1.0,0.0,,0.0,,,Bundles,PB-05,
Audio Array,GB-03 (AI-12 + AM-C43),B0FJ8TSQK1,B0FJ8TSQK1,4,938.97,86,18506,0.0,0,3699.0,185.0,1.0,0.335,0.005405405405405406,,3.9394229847598963,0.25384428223844285,,Bundles,GB-03,
Audio Array,PB-06 (AA-05 + AM-C44 + AI-04),B0FJ8TWCQZ,B0FJ8TWCQZ,4,250.34,51,9623,3219.49,1,0.0,69.0,0.0,0.0099,0.0,0.07775765726869785,0.0,,250.34,Bundles,PB-06,
Audio Array,GB-04 (AM-C45 + AI-06),B0FJ8W5Y9Q,B0FJ8W5Y9Q,4,119.88,9,1420,0.0,0,0.0,25.0,0.0,0.7778,0.0,,0.0,,,Bundles,GB-04,
Nexlev,ETC-07-WH,B0FJG5PFGQ,B0FJG5PFGQ,4,3699.43,208,43051,4795.77,9,9242.0,274.0,15.0,1.0,0.05474452554744526,0.7713943746259724,2.4982226991725756,0.4002845704392988,411.04777777777775,HPC,Oral Care,Electric Toothbrush
Audio Array,SB-01,B0FJS7JZ4V,B0FJS7JZ4V,4,1117.57,216,32790,1058.47,1,7494.0,336.0,6.0,1.0,0.017857142857142856,1.0558353094561017,6.705620229605305,0.1491286362423272,1117.57,Sound Bar,Sound Bar,
Audio Array,AM-C41,B0FLYHJ6DK,B0FLYHJ6DK,4,1294.91,112,13701,0.0,0,11343.0,302.0,7.0,1.0,0.023178807947019868,,8.75968214007151,0.11415939345852068,,Microphone Condenser,USB Microphone Kit - Tripod,
Audio Array,AM-C42,B0FLYJFC22,B0FLYJFC22,4,144.26,15,2756,6099.15,3,7197.0,81.0,3.0,1.0,0.037037037037037035,0.023652476164711476,49.88908914460003,0.020044462970682228,48.086666666666666,Microphone Condenser,USB Microphone Kit - Boomarm,
White Mulberry,TVCT1ML,B0FN4D3C89,B0FN4D3C89,4,10119.19,675,91924,19018.64,40,26135.0,1123.0,57.0,0.9993,0.05075690115761353,0.5320669616754932,2.582716600834652,0.38718920987181943,252.97975000000002,Monitor Arm,TV Wall Mount,
White Mulberry,TVMF1ML,B0FN4DSQ6P,B0FN4DSQ6P,4,1155.86,100,21948,3216.11,5,57071.0,910.0,81.0,0.9978,0.08901098901098901,0.3593969111753018,49.37535687713045,0.02025301817034921,231.17199999999997,Monitor Arm,TV Wall Mount,
White Mulberry,POSS-01,B0FN4FPJ83,B0FN4FPJ83,4,482.44,42,1424,7644.049999999999,5,72464.0,117.0,40.0,1.0,0.3418803418803419,0.0631131402855816,150.2031340684852,0.006657650695517775,96.488,Monitor Arm,POS Stand,
White Mulberry,TVCF1ML,B0FN4GQ9HT,B0FN4GQ9HT,4,2645.46,227,41028,5483.9,9,11186.0,564.0,16.0,0.9986,0.028368794326241134,0.4824048578566349,4.228376161423722,0.23649740747362774,293.94,Monitor Arm,TV Wall Mount,
White Mulberry,TVFM1ML,B0FN4HDM6Z,B0FN4HDM6Z,4,2547.0,176,30993,7284.75,5,31885.0,598.0,16.0,0.9986,0.026755852842809364,0.3496345104499125,12.518649391440912,0.07988082170299514,509.4,Monitor Arm,TV Wall Mount,
White Mulberry,HDMSP1ML,B0FN4JG97R,B0FN4JG97R,4,702.02,39,7523,4575.42,1,5399.0,160.0,1.0,1.0,0.00625,0.15343290889142416,7.690664083644341,0.13002778292276349,702.02,Monitor Arm,Monitor Arm,
Audio Array,PB-09 (AM-C45 + AI-06 + AA-05),B0FN7FYZM3,B0FN7FYZM3,4,82.16999999999999,18,2367,3333.05,1,0.0,31.0,0.0,0.125,0.0,0.02465309551311861,0.0,,82.16999999999999,Bundles,PB-09,
White Mulberry,HDGS1ML,B0FN81FD8M,B0FN81FD8M,4,62.35,5,1018,6355.08,1,7499.0,44.0,2.0,1.0,0.045454545454545456,0.00981104879875627,120.27265437048918,0.008314441925590079,62.35,Monitor Arm,Monitor Arm,
Audio Array,AM-W19,B0FPR7VFCH,B0FPR7VFCH,4,651.08,81,13182,9572.03,5,1999.0,178.0,1.0,0.049,0.0056179775280898875,0.06801900955178787,3.070283221723905,0.32570285142571287,130.216,Microphone Wireless Lapel,Wireless Lapel Microphone,
Audio Array,AM-W22,B0FPR962YS,B0FPR962YS,4,2516.65,233,41096,0.0,0,3419.0,977.0,1.0,0.5041,0.0010235414534288639,,1.3585520433910159,0.7360778005264698,,Microphone Wireless Lapel,Wireless Lapel Microphone,
Audio Array,AH-60 BL,B0FQBTRM28,B0FQBTRM28,4,1648.86,128,31358,4912.71,3,0.0,256.0,0.0,0.0867,0.0,0.33563145392258037,0.0,,549.62,DJ Headphone,DJ Headphone,
Audio Array,AH-60 RD,B0FQBWV1ST,B0FQBWV1ST,4,2458.6800000000003,156,14730,11307.62,7,1949.0,340.0,1.0,0.0708,0.0029411764705882353,0.2174356761192895,0.7927017749361445,1.2615084658799385,351.24000000000007,DJ Headphone,DJ Headphone,
Audio Array,AH-40 SL,B0FQBX8J17,B0FQBX8J17,4,1892.99,178,35834,4183.06,4,4676.0,210.0,4.0,0.3237,0.01904761904761905,0.4525371378847064,2.4701662449352613,0.40483105218135157,473.2475,DJ Headphone,DJ Headphone,
Audio Array,AH-45 BK,B0FQBXS6Y2,B0FQBXS6Y2,4,5306.15,481,72616,15895.73,14,1445.58,963.0,1.0,0.099,0.0010384215991692627,0.33380977155500247,0.27243481620383897,3.6706028030271587,379.01071428571424,DJ Headphone,DJ Headphone,
Nexlev,PB-01,B0FS6TB7CP,B0FS6TB7CP,4,7540.6,614,168144,17432.22,10,22189.0,757.0,11.0,0.8102,0.01453104359313078,0.4325668216670051,2.9426040368140467,0.33983505340484027,754.0600000000001,Home & Kitchen,Kitchen Appliances,Portable Blender
Nexlev,MF-01,B0FS7T8151,B0FS7T8151,4,69.66,11,2909,0.0,0,529.0,41.0,1.0,1.0,0.024390243902439025,,7.594028136663796,0.13168241965973534,,Home & Kitchen,Kitchen Appliances,Milk Frother
Nexlev,LR-03,B0FT8R24QM,B0FT8R24QM,4,4763.0,435,35184,15514.4,50,33396.0,1426.0,114.0,0.8463,0.07994389901823282,0.3070051049347703,7.011547344110855,0.14262187088274045,95.26,Home & Kitchen,Fabric Care,Lint Remover
Audio Array,PB-10 (AM-C2+AI-04+AH-60-BL),B0FTVQQVDC,B0FTVQQVDC,4,3195.59,655,80272,66349.16,7,39795.0,1255.0,4.0,0.3418,0.0031872509960159364,0.048163232209722025,12.453099427648727,0.0803012941324287,456.5128571428572,Bundles,PB-10,
Audio Array,PB-11 (AM-C44+AA-05+AH-45-BK),B0FTVSH458,B0FTVSH458,4,159.65,24,4990,0.0,0,0.0,32.0,0.0,0.5152,0.0,,0.0,,,Bundles,PB-11,
Audio Array,PB-12 (AM-C11+AA-05+AI-04+AH-60-RD),B0FTVVLNS9,B0FTVVLNS9,4,864.85,163,33278,3727.97,2,10999.0,154.0,1.0,0.5318,0.006493506493506494,0.23198952781272383,12.717812337399549,0.07862987544322211,432.425,Bundles,PB-12,
Audio Array,AM-W20,B0FVM17Q4W,B0FVM17Q4W,4,293.8,16,1816,0.0,0,2099.0,70.0,1.0,1.0,0.014285714285714285,,7.14431586113002,0.13997141495950452,,Microphone Wireless Lapel,Wireless Lapel Microphone,
Audio Array,AM-W19,B0G2C2RCXN,B0G2C2RCXN,4,214.65,21,5748,1694.07,1,0.0,169.0,0.0,1.0,0.0,0.1267066886256176,0.0,,214.65,Microphone Wireless Lapel,Wireless Lapel Microphone,
Audio Array,AM-C48,B0G4DNF8RZ,B0G4DNF8RZ,4,1151.85,103,20292,2795.76,1,6598.0,203.0,2.0,0.529,0.009852216748768473,0.41199888402437973,5.728176411859184,0.1745756289784783,1151.85,Microphone Dynamic,Microphone Dynamic,
